FileName, CommitSha
Parsers/Sample/NetworkSessionCheckPoint.json,24910b15bebe1d1bb1b3c91fe455901c23152a8f
Parsers/Sample/ASimDnsMicrosoftOMS.json,f224a753c043592e33aeff6a9850c91040f847cb
Hunting/Sample/NewBotAddedToTeams.json,41f0b5c52c2be62be0db85c719ce1097ee436359
Parsers/Sample/FileEventMicrosoftSysmonFileCreated.json,f9625dd8bd3c1e6a65365086106617d872ac7e01
Detections/Sample/imProcess_NOBELIUM_SuspiciousRundll32Exec.json,407c1c446286bcc3e4ca7da04767d2a895bfaac9
AutomationRules/SampleAutomationRule.json,d77de991a6da075090e7620fdadaedb0af638e30
Hunting/Sample/imProcess_Certutil-LOLBins.json,7b52d417c205c0630de7f4724851c31fe0ef987f
Detections/Sample/PasswordSpray.json,9190e34e9b54db53303efe49488cf5cf8c245b1c
Hunting/Sample/SQL-MultipleFailedLogon_InShortSpan.json,c6c82b52feb50d692d61bcb5f4d08a83df51f5c9
Parsers/Sample/ProcessEventMicrosoftSysmonTerminate.json,1824395fcf34554b522d20bb615e98c373db202f
Hunting/Sample/Unusual Number of Repository Clones.json,a7fd6e5af17a6a6bb996853436acdccc0be46e07
Hunting/Sample/ProofpointPODLargeOutboundEmails.json,54e4ec40318f2679453051a79fb0e808fb4cec72
Detections/Sample/MalformedUserAgents.json,ee6bc4e38e526f390b1936c568cf54dba43c2e9f
sentinel-deployment.config,d0176f11505175ced27cc0d3ede6f708fe7e120e

